id,first_name,last_name,email,gender,ip_address
1,Lezlie,Sparshatt,lsparshatt0@ovh.net,Female,98.243.56.246
2,Corry,Watson-Brown,cwatsonbrown1@psu.edu,Female,126.238.170.105
3,Hallsy,Stolte,hstolte2@ebay.co.uk,Male,224.37.50.175
4,Kaitlynn,Tack,ktack3@macromedia.com,Female,97.89.102.185
5,Mathian,Turbard,mturbard4@elegantthemes.com,Male,95.245.40.178
6,Donetta,Roskams,droskams5@hud.gov,Female,247.86.113.61
7,Virgil,Anstee,vanstee6@timesonline.co.uk,Male,126.166.153.137
8,Erek,Harflete,eharflete7@wisc.edu,Male,9.14.32.45
9,Rolph,Jirasek,rjirasek8@loc.gov,Male,249.146.40.242
10,Celia,Gurnee,cgurnee9@smugmug.com,Female,170.192.44.245
11,Salmon,Adriaens,sadriaensa@adobe.com,Male,183.183.19.210
12,Wilek,Duiguid,wduiguidb@upenn.edu,Male,214.96.36.34
13,Barth,Thake,bthakec@psu.edu,Male,228.95.171.181
14,Alissa,Cripin,acripind@usgs.gov,Female,179.86.59.7
15,Justinian,Clint,jclinte@ezinearticles.com,Male,21.21.106.253
16,Marmaduke,Davidovics,mdavidovicsf@wikipedia.org,Male,221.51.122.28
17,Luigi,Verdey,lverdeyg@tamu.edu,Male,203.26.65.228
18,Miller,Burgen,mburgenh@berkeley.edu,Male,8.116.58.31
19,Jeremie,Pretorius,jpretoriusi@exblog.jp,Male,228.183.72.123
20,Doll,Schimaschke,dschimaschkej@java.com,Female,186.71.25.168
21,Sophi,Franchyonok,sfranchyonokk@oracle.com,Female,253.92.143.53
22,Holly,Bulch,hbulchl@altervista.org,Female,47.67.68.145
23,Amelina,Elstob,aelstobm@nydailynews.com,Female,190.120.80.18
24,Wilma,Riding,wridingn@instagram.com,Female,135.77.111.224
25,Irvin,Alton,ialtono@webs.com,Male,164.244.228.119
26,Bianka,Pohlak,bpohlakp@scientificamerican.com,Female,223.24.28.211
27,Consalve,Aulds,cauldsq@theatlantic.com,Male,110.118.195.92
28,Roseanne,Casin,rcasinr@census.gov,Female,217.136.63.134
29,Dre,Keynd,dkeynds@networksolutions.com,Female,99.95.116.76
30,Lynelle,Jewson,ljewsont@google.pl,Female,141.70.252.166
31,Ddene,Beggio,dbeggiou@csmonitor.com,Female,135.96.238.121
32,Gregoor,Hamm,ghammv@oracle.com,Male,235.206.51.201
33,Marshal,Althrop,malthropw@vimeo.com,Male,36.59.233.73
34,Georg,Nourse,gnoursex@europa.eu,Male,203.113.185.70
35,Alphonse,Tant,atanty@google.com.au,Male,217.107.236.178
